id,rain_sum (mm)
0,0.14142907
1,0.14142907
2,0.14142907
3,0.14142907
4,0.07256961
5,0.33194423
6,0.39758298
7,0.39758298
8,0.20706782
9,0.21831119
10,2.8535447
11,20.641352
12,0.7078114
13,0.20706782
14,0.20706782
15,0.21831119
16,0.20706782
17,0.20706782
18,0.20706782
19,0.20706782
20,0.20706782
21,0.21831119
22,0.21831119
23,0.21831119
24,0.15267244
25,0.08381298
26,0.08381298
27,0.15267244
28,0.08381298
29,0.08381298
30,0.08381298
31,0.08381298
32,0.08381298
33,0.15267244
34,0.15267244
35,0.15267244
36,0.07256961
37,0.15267244
38,0.15267244
39,0.08381298
40,0.14142907
41,2.737739
42,2.8249178
43,13.28042
44,11.752855
45,2.1778479
46,2.0906692
47,2.0906692
48,2.3899596
49,4.9691296
50,2.6676533
51,2.4771383
52,2.5804746
53,6.154246
54,6.154246
55,5.264148
56,4.310022
57,2.1019125
58,2.0906692
59,2.0906692
60,0.55054706
61,2.6962802
62,2.3899596
63,10.156243
64,7.1137466
65,0.55100965
66,0.37246168
67,2.395268
68,4.272463
69,1.477368
70,-0.23824373
71,0.061046798
72,0.061046798
73,0.061046798
74,0.20706782
75,0.20706782
76,2.547224
77,22.513708
78,5.734468
79,0.84237343
80,0.6310213
81,0.6310213
82,0.56297743
83,1.6731234
84,16.229286
85,6.4127626
86,3.9379182
87,3.9379182
88,8.055064
89,9.382194
90,8.059208
91,1.9981118
92,2.6371846
93,18.523354
94,2.8278933
95,3.9979842
96,4.3543205
97,4.649582
98,6.879415
99,26.417526
100,9.893763
101,10.604935
102,6.6165433
103,12.536707
104,8.963289
105,5.2777443
106,1.8625823
107,3.503116
108,19.166117
109,5.6769385
110,4.9315357
111,6.562417
112,4.625436
113,6.6165433
114,8.352692
115,12.701442
116,13.504917
117,3.6002405
118,2.8853762
119,8.761011
120,15.754367
121,5.8207865
122,16.294945
123,9.583521
124,14.077561
125,0.6553177
126,3.0365787
127,5.8893476
128,11.950242
129,12.246157
130,3.410488
131,5.140782
132,3.0939322
133,11.518227
134,29.61087
135,7.4889574
136,4.99358
137,6.1350837
138,8.94974
139,13.037395
140,0.7036907
141,1.2728693
142,1.7389992
143,1.2728693
144,1.9511639
145,22.59519
146,10.097256
147,3.2753887
148,9.884658
149,19.742208
150,6.7468038
151,5.0697346
152,2.5858831
153,2.361763
154,2.3189335
155,3.484485
156,3.9979842
157,0.8701563
158,9.304884
159,3.9847786
160,18.308538
161,13.01485
162,7.169623
163,3.0687144
164,1.873707
165,10.885759
166,6.562417
167,9.548141
168,7.2830696
169,13.989284
170,2.5951922
171,2.4288638
172,2.3565292
173,1.2728693
174,2.068796
175,3.9020686
176,10.411511
177,3.330316
178,2.8902726
179,5.4060845
180,9.943419
181,9.606229
182,6.4540844
183,8.3243885
184,4.5867796
185,12.309524
186,9.766485
187,14.517696
188,5.655549
189,6.754235
190,7.836149
191,9.962887
192,5.9510565
193,6.8305254
194,6.9189687
195,13.645086
196,4.317108
197,7.4565725
198,18.056583
199,0.7002504
200,18.57734
201,4.2096524
202,11.665444
203,1.7891436
204,2.0522833
205,2.378232
206,11.199027
207,7.7667165
208,8.861851
209,8.687164
210,6.143022
211,3.695739
212,19.804483
213,4.4405003
214,17.561695
215,6.7534857
216,11.353168
217,19.73863
218,12.724268
219,27.861263
220,7.440217
221,5.0201683
222,7.818346
223,4.9625916
224,13.645086
225,0.35300267
226,0.9521544
227,9.073955
228,10.827597
229,9.207505
230,9.548141
231,7.440217
232,3.4576418
233,4.919716
234,5.419104
235,5.314033
236,0.9686234
237,1.2728693
238,1.8668934
239,1.2728693
240,10.120426
241,2.378232
242,7.3048935
243,4.879474
244,1.2728693
245,1.2352736
246,3.0477839
247,2.8403325
248,1.3539597
249,1.7566729
250,0.61222696
251,0.8480655
252,0.6310213
253,0.6310213
254,0.4524732
255,0.4524732
256,0.4524732
257,2.488181
258,20.745672
259,17.120071
260,10.779609
261,1.2893382
262,1.2728693
263,7.8942165
264,2.4008253
265,2.361763
266,11.466699
267,6.4117675
268,3.346785
269,3.7074869
270,4.0432277
271,1.2352736
272,0.61222696
273,0.40087432
274,0.6367134
275,0.6310213
276,0.84237343
277,6.1371813
278,30.695114
279,18.567268
280,4.589527
281,6.3516803
282,4.120239
283,2.361763
284,2.3241673
285,2.3189335
286,2.3241673
287,6.944045
288,11.020628
289,9.884401
290,10.290886
291,1.2775904
292,0.8701563
293,2.3189335
294,3.5520978
295,19.222836
296,8.679743
297,3.0423958
298,1.8139039
299,2.134619
300,2.553536
301,2.3133998
302,2.3189335
303,1.0149399
304,14.893682
305,4.4544954
306,3.4897187
307,2.3565292
308,10.825082
309,3.0365787
310,6.275778
311,1.9168229
312,2.3904028
313,5.9615045
314,2.6452403
315,2.7859342
316,10.623825
317,3.646605
318,0.9521544
319,2.378232
320,1.2728693
321,0.8325605
322,0.5824228
323,0.61222696
324,0.61222696
325,0.61222696
326,2.7615097
327,2.0775757
328,0.42171127
329,0.42171127
330,0.6367134
331,0.6367134
332,0.4524732
333,1.2450864
334,7.417763
335,4.486216
336,17.294436
337,0.8866253
338,0.6420452
339,0.3919071
340,0.61222696
341,0.40087432
342,0.6367134
343,4.340632
344,5.30822
345,1.3539597
346,0.61222696
347,0.6367134
348,0.6310213
349,0.6310213
350,0.4524732
351,0.2619579
352,0.17477933
353,0.17477933
354,0.28528303
355,0.2965264
356,0.28528303
357,0.28528303
358,4.011055
359,0.2870904
360,0.1708521
361,0.36136726
362,0.36136726
363,0.36136726
364,0.36136726
365,0.1708521
366,0.18209547
367,0.1708521
368,0.1708521
369,0.1708521
370,0.18209547
371,-0.24948713
372,-0.15786147
373,0.44177148
374,2.368363
375,12.275043
376,3.7490952
377,3.7490952
378,1.6731234
379,0.37246168
380,0.28528303
381,0.2965264
382,0.28528303
383,0.5553589
384,0.2870904
385,0.18209547
386,0.18209547
387,0.58202577
388,-0.24948713
389,-0.23824373
390,-0.23824373
391,0.049803432
392,0.049803432
393,0.049803432
394,0.049803432
395,0.049803432
396,0.20706782
397,0.20706782
398,0.20706782
399,0.20706782
400,0.20706782
401,2.8249178
402,6.3115106
403,6.3115106
404,5.9637303
405,2.4771383
406,2.3899596
407,2.3899596
408,0.5617904
409,0.21831119
410,0.21831119
411,0.21831119
412,0.21831119
413,0.20706782
414,0.21831119
415,0.20706782
416,0.20706782
417,0.20706782
418,0.21831119
419,0.21831119
420,0.21831119
421,0.21831119
422,20.831867
423,2.8249178
424,7.9856143
425,24.543255
426,8.488624
427,6.8624845
428,6.3697224
429,2.321548
430,2.9998431
431,2.7558708
432,2.0775757
433,2.7242615
434,4.358666
435,2.2344718
436,1.9981118
437,1.3656616
438,1.3539597
439,13.464847
440,9.080751
441,7.068781
442,12.345139
443,1.4182844
444,5.669281
445,6.3516803
446,15.733449
447,14.228703
448,8.517384
449,0.5659103
450,0.8325605
451,0.8325605
452,0.5824228
453,0.61222696
454,0.61222696
455,0.61222696
456,3.9379182
457,1.7566729
458,4.49145
459,3.0477839
460,0.8701563
461,22.398354
462,1.9615071
463,4.8742404
464,15.478701
465,8.270979
466,21.622166
467,6.034914
468,13.2994585
469,0.5281745
470,5.026902
471,3.0687144
472,1.2775904
473,0.8701563
474,0.8325605
475,19.535572
476,17.089931
477,8.555737
478,13.300037
479,8.553409
480,8.582263
481,6.5090876
482,10.402882
483,2.430228
484,1.6657513
485,0.9686234
486,4.3543205
487,14.37194
488,1.6605176
489,1.4302164
490,0.8701563
491,0.5824228
492,0.5824228
493,0.61222696
494,0.61222696
495,4.340632
496,9.367337
497,5.43798
498,14.825839
499,4.3547325
500,1.2775904
501,2.5071783
502,8.275364
503,4.6073084
504,4.3115954
505,1.4515843
506,3.6972528
507,3.6972528
508,1.4463506
509,1.4463506
510,1.4463506
511,7.486371
512,13.051285
513,4.535151
514,2.2663517
515,11.410876
516,6.209255
517,2.7522457
518,2.2663517
519,1.4463506
520,0.96569043
521,1.4515843
522,2.747012
523,2.7522457
524,2.8686388
525,2.2663517
526,0.96569043
527,0.56297743
528,0.47579855
529,0.47579855
530,0.47579855
531,0.8785118
532,0.8785118
533,0.8785118
534,0.47579855
535,0.47579855
536,4.011055
537,0.47760588
538,0.47760588
539,0.2221261
540,0.38291225
541,1.7844701
542,3.1718302
543,3.2356114
544,2.9884963
545,18.930664
546,16.195442
547,26.23851
548,7.945777
549,3.4356368
550,2.693904
551,2.339672
552,2.339672
553,1.519628
554,10.150039
555,5.424292
556,5.8929305
557,2.3287463
558,2.33398
559,10.064408
560,1.2450864
561,1.0337341
562,1.519628
563,4.7183437
564,0.85518664
565,0.4524732
566,0.94746476
567,0.56297743
568,0.96569043
569,0.56297743
570,0.56297743
571,0.47579855
572,0.47579855
573,0.47579855
574,0.28528303
575,5.389284
576,0.2870904
577,0.47760588
578,0.26667383
579,0.62669504
580,5.240702
581,9.785805
582,13.463346
583,5.240702
584,3.0851314
585,2.2663517
586,0.96569043
587,0.56297743
588,0.47579855
589,4.151808
590,16.195442
591,8.73256
592,3.8404648
593,20.468996
594,7.809903
595,20.765162
596,12.141367
597,2.378232
598,19.894512
599,12.059128
600,11.462734
601,2.0522833
602,10.117783
603,12.890932
604,10.906883
605,19.560091
606,8.148383
607,8.687164
608,20.776604
609,19.84323
610,11.705914
611,10.022283
612,6.7137356
613,7.123504
614,19.542168
615,12.271982
616,9.710295
617,22.019241
618,16.309687
619,6.9718504
620,11.775415
621,14.711539
622,52.933266
623,24.619856
624,11.168239
625,15.253916
626,9.893763
627,13.948952
628,16.004131
629,14.5548115
630,2.7611372
631,9.299427
632,3.3867722
633,2.3509958
634,6.06791
635,7.2036495
636,10.353578
637,26.075678
638,18.176964
639,24.010052
640,8.177564
641,2.057517
642,10.78431
643,20.360462
644,8.756819
645,10.623825
646,5.3228636
647,6.120628
648,1.9115891
649,3.02607
650,3.3867722
651,13.956369
652,9.6896
653,10.604935
654,14.323726
655,23.699245
656,13.965793
657,9.5733
658,9.548141
659,5.0705867
660,4.953331
661,0.9686234
662,14.710634
663,15.855247
664,19.921532
665,14.116447
666,6.272033
667,1.7221152
668,19.998077
669,8.43593
670,9.64018
671,15.176485
672,24.481892
673,18.33574
674,7.534692
675,7.068781
676,2.378232
677,2.3565292
678,2.0970232
679,9.155377
680,6.456583
681,3.330316
682,2.3509958
683,6.9236283
684,2.6946487
685,12.701744
686,4.4781656
687,2.378232
688,3.330316
689,12.737558
690,9.083766
691,15.911104
692,11.142675
693,15.698804
694,9.640889
695,12.221593
696,19.61103
697,12.015632
698,17.78365
699,9.729028
700,16.781763
701,5.366151
702,12.55723
703,14.391325
704,7.891617
705,10.187691
706,7.792735
707,4.7861624
708,5.0853696
709,10.35134
710,22.377174
711,7.5133147
712,5.2190595
713,8.817145
714,10.192925
715,10.952475
716,6.230093
717,10.55282
718,15.774222
719,17.973917
720,10.873118
721,20.309238
722,10.4937525
723,4.896223
724,12.483832
725,15.287653
726,16.816143
727,6.5752015
728,5.702533
729,10.494272
730,9.904928
731,6.9716377
732,19.058609
733,9.593327
734,5.2944417
735,2.7859342
736,19.658216
737,9.318135
738,15.162308
739,12.790194
740,12.96552
741,5.3544664
742,3.2460783
743,21.856386
744,10.294834
745,7.3350306
746,2.4644105
747,0.9686234
748,2.3509958
749,2.361763
750,2.3189335
751,4.238118
752,4.0086107
753,2.134619
754,0.98513585
755,1.0149399
756,1.0149399
757,1.2981762
758,21.550755
759,11.814256
760,10.191498
761,9.4296465
762,13.596583
763,5.702533
764,3.8364332
765,2.7859342
766,4.650431
767,2.9142377
768,1.2352736
769,0.5824228
770,8.149536
771,4.74637
772,2.1038337
773,2.693904
774,2.693904
775,5.229179
776,2.112528
777,8.072064
778,7.3691874
779,3.4356368
780,20.443129
781,11.255555
782,11.394001
783,5.853314
784,6.9038124
785,5.0853696
786,4.650431
787,4.6128354
788,8.103771
789,12.569925
790,11.4122305
791,19.099821
792,6.191395
793,0.5494413
794,0.8325605
795,3.0425828
796,14.736239
797,10.885759
798,4.836884
799,4.329716
800,1.2728693
801,1.8468856
802,5.8935466
803,2.134619
804,9.223473
805,4.650431
806,11.103143
807,9.278365
808,2.0302808
809,2.3509958
810,6.1679754
811,6.9782557
812,4.4760675
813,16.390594
814,5.6860075
815,6.230936
816,3.3867722
817,10.310431
818,8.177485
819,2.4288638
820,2.0302808
821,10.558294
822,2.7859342
823,2.0970232
824,2.0970232
825,3.2927203
826,14.552101
827,10.623825
828,3.1627183
829,2.4288638
830,1.2728693
831,2.9518337
832,4.650431
833,2.3133998
834,5.8935466
835,6.06791
836,6.3914466
837,9.591493
838,3.695739
839,0.8701563
840,1.2352736
841,2.063262
842,13.640075
843,2.7859342
844,4.4760675
845,2.3133998
846,2.0740297
847,2.0740297
848,1.8766897
849,4.3861356
850,2.693904
851,2.1567574
852,2.693904
853,1.5200864
854,2.9297428
855,0.84237343
856,1.5143943
857,1.0337341
858,1.6653543
859,1.4574738
860,0.85518664
861,1.3410807
862,1.3410807
863,0.85518664
864,5.1470003
865,1.4333587
866,1.5679774
867,0.8785118
868,0.8785118
869,2.4488587
870,1.5679774
871,0.8785118
872,1.5679774
873,3.6972528
874,5.996688
875,14.503541
876,17.739697
877,11.014972
878,2.1038337
879,2.112528
880,3.3082252
881,2.3344383
882,0.84237343
883,0.6310213
884,1.5143943
885,0.85518664
886,0.85518664
887,0.85518664
888,1.5704491
889,1.3410807
890,2.623463
891,0.56297743
892,2.8686388
893,3.7495203
894,3.7495203
895,1.6248982
896,0.56297743
897,0.96569043
898,2.4201374
899,2.4201374
900,7.2973495
901,2.8686388
902,14.677904
903,12.549537
904,5.8929305
905,2.3287463
906,1.8525138
907,1.0337341
908,1.6360215
909,0.6310213
910,0.4524732
911,0.4524732
912,0.47579855
913,0.8785118
914,0.96569043
915,0.96569043
916,1.5973102
917,0.56297743
918,0.47579855
919,0.47579855
920,0.47579855
921,0.47579855
922,0.8785118
923,13.730569
924,15.34443
925,13.710316
926,12.449476
927,16.441277
928,17.050463
929,14.177881
930,8.381412
931,6.9038124
932,8.431768
933,7.863821
934,7.209475
935,8.947179
936,2.057517
937,5.4060845
938,4.650431
939,2.9518337
940,12.035216
941,17.832994
942,19.528425
943,8.631942
944,10.0516815
945,10.290886
946,8.03333
947,10.210799
948,6.8556013
949,16.175282
950,0.71493727
951,0.5659103
952,0.8325605
953,0.5824228
954,0.61222696
955,1.7566729
956,1.7566729
957,18.386414
958,3.106649
959,13.929935
960,5.921768
961,9.087392
962,17.306662
963,8.382211
964,5.0705867
965,17.333378
966,9.548141
967,23.366932
968,16.549149
969,13.432806
970,8.028379
971,9.345335
972,1.9168229
973,6.958441
974,12.810115
975,20.78873
976,8.33403
977,13.690381
978,8.575476
979,9.435471
980,7.2918367
981,6.062382
982,0.9686234
983,1.2352736
984,9.223473
985,12.039918
986,6.823546
987,4.3115954
988,0.82792944
989,0.8701563
990,2.361763
991,2.3189335
992,2.3509958
993,3.2927203
994,3.4356368
995,23.349075
996,10.290886
997,18.965288
998,32.106995
999,9.177874
1000,0.82792944
1001,1.2728693
1002,2.8902726
1003,9.328723
1004,4.616777
1005,5.366918
1006,3.3808491
1007,2.0608988
1008,2.0608988
1009,2.0608988
1010,2.0608988
1011,2.0608988
1012,1.2894056
1013,1.2458081
1014,1.4034185
1015,2.0608988
1016,3.752275
1017,0.8599516
1018,1.2894056
1019,1.1963717
1020,0.57011914
1021,1.0350021
1022,1.0350021
1023,0.6500576
1024,1.1617585
1025,0.6500576
1026,1.0350021
1027,0.026444769
1028,0.9056295
1029,0.8702331
1030,1.1617585
1031,0.98586744
1032,0.6500576
1033,0.90039575
1034,0.596482
1035,0.9056295
1036,0.6500576
1037,1.3667103
1038,1.2385148
1039,0.26540625
1040,-0.6056655
1041,0.9056295
1042,0.6500576
1043,2.7335117
1044,7.082586
1045,5.086829
1046,11.366422
1047,13.18402
1048,5.6242614
1049,7.7803655
1050,3.0072818
1051,1.8410122
1052,1.1321412
1053,6.7128534
1054,5.4609365
1055,3.3093493
1056,2.433855
1057,10.50461
1058,2.0608988
1059,1.3114469
1060,0.8729269
1061,0.7777046
1062,2.0608988
1063,4.7884407
1064,3.3808491
1065,0.6996907
1066,0.7777046
1067,1.5149597
1068,1.2894056
1069,1.1820742
1070,0.39758298
1071,1.2237668
1072,1.1549073
1073,0.72545344
1074,1.3804615
1075,0.9056295
1076,0.9056295
1077,0.6500576
1078,0.16983552
1079,0.8702331
1080,2.0608988
1081,1.3606949
1082,3.4666138
1083,4.7884407
1084,1.0424354
1085,2.0608988
1086,1.1768404
1087,0.30288956
1088,0.18346107
1089,1.8121903
1090,16.635818
1091,8.715986
1092,7.7410955
1093,13.929909
1094,8.416696
1095,13.250627
1096,16.628263
1097,7.8651195
1098,20.394714
1099,16.628263
1100,15.655009
1101,4.0720677
1102,6.205137
1103,6.413563
1104,15.583877
1105,16.654205
1106,9.073513
1107,6.5132227
1108,9.53748
1109,28.505957
1110,9.144125
1111,17.777983
1112,16.197758
1113,22.651896
1114,20.394714
1115,22.073568
1116,5.9790196
1117,12.719855
1118,20.324102
1119,13.267385
1120,17.777983
1121,14.082139
1122,19.527449
1123,11.956203
1124,18.035854
1125,31.663012
1126,10.244969
1127,7.8651195
1128,11.589945
1129,9.53748
1130,7.7756233
1131,2.6890676
1132,2.794953
1133,1.5591484
1134,4.7894187
1135,4.3713584
1136,5.9790196
1137,7.8651195
1138,8.038185
1139,15.684289
1140,8.416696
1141,4.490128
1142,26.639116
1143,21.046349
1144,4.730625
1145,2.6040304
1146,2.8236744
1147,8.192505
1148,2.6040304
1149,2.525508
1150,7.7803655
1151,2.7790704
1152,0.821893
1153,6.205137
1154,0.821893
1155,1.2262627
1156,5.7756824
1157,9.78451
1158,7.9361963
1159,6.460299
1160,0.44177148
1161,1.2262627
1162,0.44177148
1163,6.7595897
1164,2.6040304
1165,10.758432
1166,4.3356476
1167,0.44177148
1168,2.7347388
1169,1.8151168
1170,3.7281175
1171,7.9361963
1172,14.082139
1173,13.250627
1174,3.7333512
1175,9.783498
1176,2.8236744
1177,0.3470781
1178,0.74106234
1179,0.5269403
1180,3.4607582
1181,3.3093493
1182,0.6463689
1183,4.3713584
1184,0.48558235
1185,2.8867958
1186,0.3470781
1187,1.5203195
1188,1.5255532
1189,4.3713584
1190,3.7333512
1191,6.4550653
1192,4.7383614
1193,8.192505
1194,8.705968
1195,5.941602
1196,6.083338
1197,8.192505
1198,28.505957
1199,14.823497
1200,14.082139
1201,7.8651195
1202,6.9153886
1203,13.233318
1204,8.522268
1205,9.073513
1206,9.53748
1207,5.7756824
1208,4.0720677
1209,4.7383614
1210,4.0720677
1211,1.8151168
1212,4.7383614
1213,8.289084
1214,3.7281175
1215,10.758432
1216,8.705968
1217,14.08822
1218,15.831605
1219,23.467642
1220,17.777983
1221,13.568676
1222,7.6826367
1223,4.0720677
1224,7.9361963
1225,8.112089
1226,8.514148
1227,17.264519
1228,5.9581666
1229,8.416696
1230,13.250627
1231,4.701904
1232,17.777983
1233,8.289084
1234,4.0662365
1235,0.22764951
1236,11.563572
1237,8.112089
1238,13.250627
1239,1.8151168
1240,3.7281175
1241,0.91711533
1242,1.8151168
1243,13.267385
1244,8.416696
1245,6.5203924
1246,5.9581666
1247,0.91711533
1248,2.525508
1249,2.7079916
1250,0.821893
1251,5.2132134
1252,7.457573
1253,0.3470781
1254,0.18629187
1255,1.5255532
1256,1.0195763
1257,1.02481
1258,8.16441
1259,10.49194
1260,17.777983
1261,22.073568
1262,14.087208
1263,14.082139
1264,14.082139
1265,7.8651195
1266,8.112089
1267,1.3556354
1268,1.5591484
1269,1.5255532
1270,4.044466
1271,1.1211833
1272,5.3516445
1273,8.800115
1274,1.5591484
1275,1.3859147
1276,6.2574573
1277,5.4609365
1278,8.41138
1279,5.9581666
1280,13.929909
1281,13.250627
1282,9.53748
1283,4.701904
1284,6.9437833
1285,6.413563
1286,2.6040304
1287,1.2164057
1288,0.14562523
1289,6.2574573
1290,11.156939
1291,8.523525
1292,14.082139
1293,4.0720677
1294,0.3470781
1295,0.3470781
1296,1.3576953
1297,6.2783103
1298,12.737164
1299,10.244969
1300,2.794953
1301,2.6943014
1302,1.2791862
1303,1.1211833
1304,8.491796
1305,0.74106234
1306,4.930716
1307,6.2574573
1308,34.14563
1309,10.49194
1310,1.3556354
1311,10.758432
1312,12.737164
1313,7.8651195
1314,6.5203924
1315,8.946916
1316,8.112089
1317,5.9581666
1318,6.205137
1319,14.082139
1320,9.073513
1321,6.205137
1322,1.3556354
1323,6.413563
1324,0.3470781
1325,1.2791862
1326,1.6262047
1327,1.6262047
1328,4.3713584
1329,7.8651195
1330,6.413563
1331,1.2210289
1332,1.3859147
1333,4.631176
1334,1.9036347
1335,3.3093493
1336,7.956482
1337,4.67615
1338,7.369671
1339,1.9481407
1340,0.6463689
1341,0.24031866
1342,1.02481
1343,0.691304
1344,10.780396
1345,4.67615
1346,0.8851713
1347,0.62044024
1348,0.8851713
1349,2.0608988
1350,2.0608988
1351,0.6996907
1352,1.2894056
1353,1.1820742
1354,1.5149597
1355,0.8485684
1356,0.7777046
1357,0.39758298
1358,0.39758298
1359,0.8729269
1360,1.0424354
1361,0.7120659
1362,0.9767969
1363,0.6432064
1364,1.1549073
1365,0.5651925
1366,4.830494
1367,8.181246
1368,1.1769487
1369,1.1482275
1370,1.527713
1371,8.181246
1372,0.5651925
1373,1.9332521
1374,1.3292878
1375,0.8749232
1376,2.5911195
1377,4.9455857
1378,7.5269356
1379,6.870118
1380,2.0608988
1381,1.0424354
1382,0.7777046
1383,1.1820742
1384,0.39758298
1385,1.1768404
1386,0.7777046
1387,0.18346107
1388,0.30288956
1389,1.4493209
1390,1.0478754
1391,0.23184375
1392,1.2237668
1393,3.1237822
1394,4.616777
1395,2.5911195
1396,2.0608988
1397,0.8599516
1398,4.512654
1399,2.5911195
1400,4.171816
1401,0.7065419
1402,3.094795
1403,1.4034185
1404,10.115806
1405,7.5269356
1406,11.423372
1407,3.4277003
1408,2.0608988
1409,3.3808491
1410,3.9676595
1411,1.0424354
1412,2.0608988
1413,2.5911195
1414,2.5911195
1415,1.0424354
1416,1.543179
1417,1.1135142
1418,3.9676595
1419,3.4277003
1420,2.0608988
1421,2.5911195
1422,1.2827257
1423,0.7777046
1424,1.3114469
1425,6.4923763
1426,11.423372
1427,7.5269356
1428,7.369671
1429,7.243074
1430,6.2783103
1431,16.628263
1432,15.688007
1433,7.6826367
1434,10.966818
1435,15.688007
1436,7.9361963
1437,14.823497
1438,4.561207
1439,6.9437833
1440,4.490128
1441,7.0703807
1442,4.4890304
1443,17.523605
1444,18.785831
1445,8.306311
1446,14.08822
1447,8.946916
1448,14.45207
1449,10.616022
1450,20.728891
1451,19.544205
1452,37.029015
1453,1.6678833
1454,0.44177148
1455,0.74106234
1456,0.14562523
1457,1.0195763
1458,1.1211833
1459,3.254252
1460,7.369671
1461,9.073513
1462,13.946666
1463,10.481106
1464,14.778178
1465,14.761421
1466,15.532754
1467,16.628263
1468,6.413563
1469,5.9581666
1470,12.737164
1471,14.098897
1472,21.100319
1473,3.7333512
1474,8.705968
1475,1.2210289
1476,1.2262627
1477,2.9549615
1478,8.192505
1479,6.94411
1480,17.264519
1481,4.0720677
1482,11.836915
1483,13.410489
1484,19.013985
1485,15.688007
1486,8.112089
1487,1.2210289
1488,0.74106234
1489,10.54426
1490,13.250627
1491,10.829512
1492,10.758432
1493,5.052354
1494,5.9581666
1495,0.3470781
1496,1.654926
1497,8.41138
1498,4.0720677
1499,16.628263
1500,10.49194
1501,17.794739
1502,17.777983
1503,2.6943014
1504,0.44177148
1505,0.74106234
1506,4.7894187
1507,18.562944
1508,3.0988128
1509,2.8305166
1510,4.8092465
1511,2.1151292
1512,0.7344448
1513,3.2489288
1514,3.1087022
1515,8.41624
1516,-0.16047677
1517,0.027906908
1518,6.208508
1519,0.74891156
1520,3.7516506
1521,0.50232166
1522,0.6760194
1523,1.0813651
1524,10.240122
1525,1.2292863
1526,2.5520248
1527,-0.2199186
1528,3.3197196
1529,2.264215
1530,0.09960822
1531,-0.17756198
1532,-0.25046203
1533,3.4448988
1534,0.7789834
1535,4.242692
1536,3.6880167
1537,0.10211918
1538,0.20846944
1539,-0.076194994
1540,-0.38174403
1541,4.1626625
1542,27.931461
1543,-0.38377452
1544,-0.12534912
1545,1.0405139
1546,2.9151323
1547,11.911238
1548,5.678609
1549,18.406406
1550,4.9319243
1551,0.6352923
1552,-0.2717418
1553,2.993532
1554,9.258641
1555,2.1330352
1556,7.5421147
1557,-0.2327256
1558,-1.7832744
1559,2.810362
1560,2.8008258
1561,13.171161
1562,5.3320527
1563,1.3011078
1564,1.802744
1565,0.06506618
1566,1.3585478
1567,-0.07019521
1568,2.3007429
1569,1.29225
1570,0.33256847
1571,1.6042913
1572,3.0531416
1573,2.4715536
1574,0.63796484
1575,0.16982584
1576,-0.19191699
1577,-0.012211205
1578,0.023688508
1579,0.24131297
1580,1.8213277
1581,3.100309
1582,5.5414166
1583,6.479735
1584,19.644253
1585,6.821126
1586,8.54679
1587,3.9871533
1588,1.3134604
1589,-0.01837204
1590,8.046427
1591,2.8496487
1592,8.17389
1593,15.325179
1594,1.7391702
1595,9.936782
1596,15.194149
1597,11.731869
1598,16.603437
1599,19.2513
1600,9.272988
1601,14.902376
1602,6.854527
1603,9.49618
1604,2.7969518
1605,13.698295
1606,0.9273743
1607,6.3219137
1608,16.52214
1609,17.640604
1610,11.572813
1611,8.993291
1612,10.570919
1613,23.05438
1614,0.42816174
1615,3.8965087
1616,6.728672
1617,18.253515
1618,-0.46875983
1619,-0.13286516
1620,16.344603
1621,7.4016294
1622,19.51081
1623,-0.04023029
1624,9.324299
1625,0.4907747
1626,-0.3454463
1627,1.5236752
1628,15.711729
1629,7.714739
1630,4.9319243
1631,14.8501835
1632,6.3002486
1633,6.6822815
1634,14.008482
1635,17.83914
1636,8.54679
1637,3.9747398
1638,0.42816174
1639,2.8803158
1640,15.833171
1641,14.704818
1642,19.644253
1643,6.821126
1644,9.016598
1645,48.282784
1646,6.024975
1647,16.376493
1648,2.7969518
1649,7.8748302
1650,8.171344
1651,8.989104
1652,5.9375763
1653,11.55813
1654,17.401903
1655,1.5036366
1656,3.1711628
1657,0.72313565
1658,-0.91649145
1659,3.3197196
1660,10.762487
1661,6.1695867
1662,1.7391702
1663,3.096486
1664,7.9082313
1665,13.197504
1666,7.0332174
1667,11.419476
1668,7.557307
1669,9.804448
1670,5.327781
1671,8.414198
1672,8.309478
1673,7.524472
1674,14.322011
1675,5.894619
1676,6.6872396
1677,3.6072848
1678,1.9610978
1679,2.670777
1680,5.1654134
1681,3.8183901
1682,1.3325006
1683,1.1309541
1684,6.580009
1685,3.3881085
1686,3.55966
1687,7.3070374
1688,2.329317
1689,10.024443
1690,8.207664
1691,13.715888
1692,7.1194263
1693,4.411267
1694,7.3499737
1695,2.8496487
1696,-0.2623065
1697,4.4849815
1698,7.129446
1699,4.5855584
1700,4.45209
1701,16.603437
1702,9.49618
1703,16.487034
1704,4.5855584
1705,3.096486
1706,2.9025567
1707,1.8604527
1708,5.9398723
1709,1.4212335
1710,4.6015844
1711,3.3480868
1712,3.202091
1713,6.024975
1714,10.121525
1715,2.1330924
1716,6.530942
1717,5.8299484
1718,5.000511
1719,15.878023
1720,6.308911
1721,9.409459
1722,13.064063
1723,16.376493
1724,19.42987
1725,10.071085
1726,7.444205
1727,14.159823
1728,18.66135
1729,9.68544
1730,7.570207
1731,8.792011
1732,5.678947
1733,7.4843807
1734,0.9919461
1735,4.5855584
1736,6.854527
1737,2.0497282
1738,2.2659461
1739,10.985488
1740,5.0840073
1741,2.9182346
1742,-0.93773186
1743,0.3112832
1744,1.9593235
1745,3.5872881
1746,6.9229064
1747,10.811083
1748,11.366138
1749,17.142807
1750,6.0862226
1751,0.20827343
1752,2.2271318
1753,8.447705
1754,11.930656
1755,16.312237
1756,16.495943
1757,1.7391702
1758,3.49724
1759,2.2734315
1760,4.2035165
1761,4.5510416
1762,7.3499737
1763,15.254578
1764,13.105581
1765,3.218903
1766,1.2910541
1767,1.4260585
1768,4.844454
1769,5.8299484
1770,6.265893
1771,5.2464824
1772,10.926011
1773,12.286558
1774,6.1145535
1775,18.81322
1776,0.6582432
1777,2.686907
1778,2.1438844
1779,1.7500116
1780,1.3585478
1781,5.3866844
1782,5.065799
1783,5.644092
1784,4.3184605
1785,7.0058665
1786,3.907428
1787,7.479482
1788,32.0275
1789,14.245224
1790,4.4036937
1791,3.6072848
1792,7.6515355
1793,16.750906
1794,7.612924
1795,12.72924
1796,3.218903
1797,2.8778238
1798,6.024975
1799,3.218903
1800,0.16624317
1801,1.972151
1802,0.012587253
1803,9.164918
1804,2.66892
1805,1.8755695
1806,7.615935
1807,0.53376675
1808,4.9319243
1809,17.142807
1810,17.75768
1811,2.0497282
1812,5.205797
1813,19.42987
1814,1.7035619
1815,6.539823
1816,6.024975
1817,12.064098
1818,9.524914
1819,18.474115
1820,8.851861
1821,7.698621
1822,8.185297
1823,0.4500985
1824,13.598365
1825,2.4174619
1826,1.2910541
1827,1.7500116
1828,6.708974
1829,6.530942
1830,12.305067
1831,8.319692
1832,3.1433175
1833,2.2957187
1834,2.8496487
1835,-0.7221318
1836,0.35613155
1837,3.780196
1838,3.792343
1839,3.792343
1840,10.042073
1841,1.844776
1842,0.27895698
1843,-0.43493718
1844,1.566332
1845,0.29405993
1846,14.959768
1847,12.3421755
1848,6.024975
1849,10.071085
1850,11.55813
1851,2.9097452
1852,2.0522351
1853,1.5784785
1854,3.6554377
1855,2.6540384
1856,4.4569125
1857,4.269544
1858,2.3831084
1859,3.829985
1860,2.5810814
1861,8.303928
1862,0.8971687
1863,1.4917094
1864,1.8467395
1865,0.41619074
1866,1.1805772
1867,1.4547276
1868,4.1544657
1869,5.0147867
1870,2.9253018
1871,3.2138815
1872,1.0406783
1873,0.2733057
1874,0.6786515
1875,0.39050218
1876,0.50483286
1877,3.6821933
1878,9.435334
1879,4.9501333
1880,5.86959
1881,7.7859426
1882,1.7391702
1883,-0.28920263
1884,-0.70958275
1885,2.4497688
1886,2.2854526
1887,8.485824
1888,3.7611313
1889,-0.36953843
1890,0.34721684
1891,2.3464096
1892,0.30783647
1893,9.281633
1894,2.4174619
1895,0.96355045
1896,0.11015354
1897,0.11101635
1898,0.49280488
1899,3.3197196
1900,2.1681669
1901,2.038811
1902,10.514845
1903,3.0550535
1904,8.96387
1905,17.843615
1906,6.484841
1907,4.5855584
1908,3.8695128
1909,0.20827343
1910,0.67804813
1911,8.561422
1912,0.8371403
1913,-0.64455473
1914,0.69028413
1915,0.27895698
1916,0.6986602
1917,8.330517
1918,13.400852
1919,3.0365245
1920,-0.19443966
1921,-0.6354389
1922,-0.43504906
1923,-0.25811237
1924,-0.13286437
1925,4.229403
1926,3.194207
1927,7.5527444
1928,12.785671
1929,15.454696
1930,17.142807
1931,7.7935314
1932,14.704818
1933,7.9082313
1934,12.021716
1935,6.9912825
1936,11.4250765
1937,6.530942
1938,17.970707
1939,10.476151
1940,12.621376
1941,3.8298507
1942,6.647375
1943,19.140139
1944,15.454696
1945,8.519096
1946,17.560808
1947,6.1517324
1948,18.71261
1949,6.2394066
1950,10.951954
1951,11.345284
1952,1.7696868
1953,-0.90868306
1954,-0.8870379
1955,0.4855667
1956,1.6577764
1957,2.9061713
1958,1.9006256
1959,7.790418
1960,13.210281
1961,18.206665
1962,18.09173
1963,8.263281
1964,6.7893214
1965,7.0332174
1966,8.286043
1967,4.8058743
1968,19.842028
1969,17.714352
1970,7.0332174
1971,7.557307
1972,5.594485
1973,6.9109387
1974,5.658121
1975,1.844776
1976,0.11351077
1977,-0.79710674
1978,13.71731
1979,6.1763144
1980,0.42816174
1981,7.1356874
1982,0.9130017
1983,4.0701284
1984,1.0386888
1985,3.8976104
1986,5.205797
1987,11.04575
1988,18.768291
1989,9.804448
1990,25.0598
1991,13.171728
1992,11.801502
1993,9.855483
1994,2.8462806
1995,10.247549
1996,16.52214
1997,14.396565
1998,6.024975
1999,1.7391702
2000,9.936782
2001,6.8626523
2002,2.5865421
2003,8.447705
2004,12.10895
2005,10.046997
2006,0.59637964
2007,2.9499755
2008,1.8817832
2009,1.6970024
2010,4.704747
2011,5.035394
2012,0.7885638
2013,9.606186
2014,2.3364458
2015,3.0178668
2016,5.314406
2017,8.089871
2018,7.157841
2019,5.750432
2020,0.7344448
2021,3.4492855
2022,4.5053697
2023,3.7673676
2024,8.717827
2025,14.124272
2026,11.874819
2027,14.244866
2028,10.063072
2029,12.285165
2030,13.128728
2031,16.148106
2032,8.83588
2033,9.02365
2034,5.0766845
2035,10.092111
2036,8.360198
2037,8.717827
2038,10.920594
2039,20.269798
2040,11.635537
2041,14.518803
2042,11.71848
2043,1.6094264
2044,1.5365494
2045,6.381934
2046,1.326519
2047,11.492461
2048,20.717482
2049,11.27827
2050,3.8226094
2051,24.033094
2052,8.864783
2053,1.9475884
2054,1.4819645
2055,0.6760194
2056,2.9730449
2057,18.852865
2058,13.271924
2059,0.92230153
2060,4.870594
2061,7.6496305
2062,3.1837513
2063,0.39295164
2064,0.39050218
2065,11.670137
2066,4.694799
2067,8.949685
2068,10.930309
2069,9.642992
2070,15.617463
2071,3.226373
2072,1.1950556
2073,3.2489288
2074,2.4392014
2075,1.0266472
2076,4.4200573
2077,2.0120897
2078,1.7975127
2079,1.1918443
2080,4.704747
2081,4.2957654
2082,1.8168893
2083,4.485493
2084,5.2639976
2085,10.312556
2086,8.732816
2087,4.1026983
2088,15.083619
2089,0.92230153
2090,1.4884244
2091,5.9622912
2092,3.2788506
2093,4.3927555
2094,7.090844
2095,7.8419666
2096,13.659476
2097,2.0873954
2098,11.444152
2099,13.51628
2100,4.252627
2101,12.327712
2102,12.187439
2103,2.0743575
2104,8.156484
2105,5.853281
2106,3.8226094
2107,9.172211
2108,5.809828
2109,10.121008
2110,13.648268
2111,8.501676
2112,6.4081373
2113,11.635537
2114,1.7000242
2115,7.357138
2116,13.128728
2117,9.420614
2118,2.494337
2119,2.437601
2120,6.971848
2121,8.360198
2122,4.6588583
2123,7.449292
2124,9.483055
2125,14.38696
2126,1.1528215
2127,1.5465817
2128,1.024075
2129,1.8778396
2130,13.228023
2131,15.1414585
2132,8.078777
2133,3.669771
2134,1.7767165
2135,1.8467395
2136,3.1872716
2137,3.2788506
2138,2.7083125
2139,1.7124884
2140,7.2720103
2141,6.8915772
2142,11.074353
2143,8.885872
2144,5.853281
2145,5.559979
2146,5.924528
2147,7.8674345
2148,11.873115
2149,8.781054
2150,1.326519
2151,8.10323
2152,15.109453
2153,15.284655
2154,6.2293434
2155,15.1414585
2156,5.032241
2157,3.3227508
2158,7.357138
2159,8.429214
2160,10.096883
2161,5.6969423
2162,10.826594
2163,7.4404187
2164,8.90109
2165,4.921604
2166,4.0228686
2167,9.584776
2168,17.515251
2169,3.9002328
2170,3.4211493
2171,9.50365
2172,11.218291
2173,1.4663304
2174,-0.009761738
2175,6.318099
2176,9.251234
2177,7.052467
2178,7.6781535
2179,5.798837
2180,5.457192
2181,8.382359
2182,3.4961333
2183,11.062297
2184,9.437119
2185,13.909841
2186,9.952533
2187,4.6589136
2188,4.4614935
2189,0.39295164
2190,0.43598217
2191,0.85187256
2192,8.038101
2193,5.9470406
2194,12.437103
2195,3.217434
2196,15.253598
2197,12.5847
2198,3.5928476
2199,8.332854
2200,6.073005
2201,0.92230153
2202,0.7319215
2203,12.783871
2204,3.4961333
2205,6.9664683
2206,7.601709
2207,17.630196
2208,10.190874
2209,13.116074
2210,10.033668
2211,10.736142
2212,1.0851195
2213,-0.009761738
2214,2.358042
2215,5.2528186
2216,1.8768454
2217,11.136724
2218,3.4156673
2219,4.9601207
2220,15.1414585
2221,9.4034
2222,14.124272
2223,4.4711704
2224,14.529168
2225,5.837452
2226,10.95521
2227,2.4434123
2228,23.472992
2229,4.660617
2230,11.596911
2231,13.830876
2232,4.6950912
2233,13.271924
2234,7.405999
2235,14.98512
2236,6.2897735
2237,9.119246
2238,5.2771955
2239,1.278852
2240,0.6207635
2241,6.0061555
2242,1.1894257
2243,5.410793
2244,4.5725656
2245,2.9307153
2246,4.6233993
2247,10.835247
2248,13.075027
2249,15.700453
2250,6.073005
2251,2.8189194
2252,2.6321654
2253,2.7900534
2254,0.6993432
2255,4.553331
2256,1.0813651
2257,0.21804981
2258,11.035395
2259,1.4855042
2260,8.834879
2261,13.512155
2262,1.4663304
2263,1.0434517
2264,20.24418
2265,8.653545
2266,8.179289
2267,5.6969423
2268,1.1076043
2269,13.491929
2270,5.853281
2271,1.1939176
2272,1.2230393
2273,1.7318649
2274,0.21079643
2275,6.8077607
2276,0.6760194
2277,0.7344448
2278,1.0813651
2279,15.591521
2280,8.092944
2281,6.4474654
2282,2.0334976
2283,13.36801
2284,7.865351
2285,15.628567
2286,10.337091
2287,1.716244
2288,11.59524
2289,3.1837513
2290,5.954387
2291,4.425611
2292,4.086172
2293,9.36992
2294,10.161373
2295,0.5195879
2296,10.959019
2297,7.0654187
2298,0.43062037
2299,1.0851195
2300,1.6400292
2301,2.5079684
2302,0.7093808
2303,0.42640173
2304,-0.076194994
2305,7.1789527
2306,7.818337
2307,1.0813651
2308,1.0813651
2309,7.0351634
2310,0.43229073
2311,6.5713944
2312,1.3147194
2313,0.6760194
2314,2.843583
2315,9.052563
2316,5.9884315
2317,6.7879763
2318,14.286969
2319,11.445724
2320,5.7629237
2321,4.269544
2322,5.620743
2323,15.1414585
2324,13.922399
2325,10.755003
2326,1.793778
2327,4.2159233
2328,1.6218289
2329,5.0644655
2330,3.9807909
2331,8.739282
2332,2.562875
2333,0.6760194
2334,4.290514
2335,17.842005
2336,2.5219781
2337,4.1672196
2338,2.275696
2339,8.347386
2340,8.819293
2341,4.3975353
2342,3.3227508
2343,0.84514636
2344,11.036893
2345,10.121008
2346,0.09960822
2347,0.39295164
2348,12.372611
2349,2.1019986
2350,0.39295164
2351,1.2764025
2352,2.499472
2353,3.1107478
2354,1.4855042
2355,1.7318649
2356,0.39050218
2357,2.4859262
2358,10.866236
2359,10.826594
2360,3.8559291
2361,10.3470125
2362,16.288343
2363,3.7427306
2364,0.6760194
2365,4.0228686
2366,5.3916826
2367,3.397993
2368,-0.009761738
2369,-0.012211205
2370,0.023688508
2371,2.7593248
2372,4.842245
2373,0.6760194
2374,1.7090452
2375,4.3515882
2376,1.326519
2377,1.4690478
2378,1.0813651
2379,3.5250041
2380,0.6993432
2381,0.43521097
2382,1.0813651
2383,1.7124884
2384,4.765164
2385,1.3846763
2386,3.7612367
2387,11.829456
2388,8.002536
2389,4.299595
2390,8.010632
2391,11.862625
2392,14.757309
2393,2.6571553
2394,4.6367917
2395,3.9947796
2396,15.748228
2397,18.094757
2398,1.0021794
2399,0.2310464
2400,2.7861218
2401,10.167574
2402,1.9448718
2403,3.758019
2404,3.3131564
2405,8.396089
2406,7.1215405
2407,4.238934
2408,3.3883986
2409,6.9517856
2410,1.365568
2411,3.4142795
2412,11.157952
2413,1.168916
2414,1.326519
2415,1.7684903
2416,14.558922
2417,5.9637938
2418,0.83500445
2419,1.0410022
2420,0.30666727
2421,3.026794
2422,0.2185558
2423,0.6932259
2424,2.442797
2425,8.790932
2426,2.8504398
2427,14.80123
2428,11.684388
2429,1.0851195
2430,17.03924
2431,15.28517
2432,6.073005
2433,13.818538
2434,10.823222
2435,5.011209
2436,2.66255
2437,2.843583
2438,3.486107
2439,5.015761
2440,12.609549
2441,14.98512
2442,1.4344628
2443,8.568394
2444,4.9597445
2445,1.0851195
2446,5.172948
2447,2.9188254
2448,6.8715115
2449,1.7767165
2450,4.731225
2451,1.0813651
2452,0.43598217
2453,0.6440265
2454,1.6970024
2455,6.3398566
2456,3.6500785
2457,6.951711
2458,9.701665
2459,9.588622
2460,1.841916
2461,8.652048
2462,4.3791203
2463,1.716244
2464,5.407659
2465,4.7681074
2466,6.3010497
2467,11.581837
2468,8.148643
2469,5.6928883
2470,11.862625
2471,0.5195879
2472,2.0156136
2473,9.865448
2474,8.632581
2475,3.4663203
2476,9.846928
2477,3.4961333
2478,8.325128
2479,6.8140974
2480,7.9012437
2481,5.3440948
2482,6.268975
2483,7.9865055
2484,9.533593
2485,6.4081373
2486,12.203605
2487,3.018181
2488,7.6781535
2489,1.8742497
2490,0.2733057
2491,1.3063316
2492,0.43598217
2493,4.180952
2494,20.47675
2495,11.591112
2496,10.710414
2497,11.914784
2498,8.341859
2499,8.032512
2500,2.7927926
2501,1.4481316
2502,1.6218289
2503,2.2717633
2504,3.2317698
2505,2.141226
2506,5.3740993
2507,3.9211183
2508,1.0021794
2509,3.024563
2510,2.7054021
2511,1.8455437
2512,7.173596
2513,6.5730276
2514,5.658121
2515,6.854527
2516,4.6015844
2517,7.0058665
2518,65.45629
2519,4.4418683
2520,-0.074412346
2521,4.7068424
2522,9.171983
2523,22.106932
2524,11.731869
2525,6.656687
2526,8.409641
2527,3.6425302
2528,1.7391702
2529,0.07522204
2530,0.33078015
2531,2.1037445
2532,7.110031
2533,9.929967
2534,9.40817
2535,0.9890466
2536,-0.64455473
2537,-0.20949388
2538,0.9179602
2539,0.8649559
2540,-0.3453647
2541,3.6667018
2542,2.346748
2543,1.4765825
2544,8.103989
2545,10.821429
2546,4.8756943
2547,1.4413671
2548,0.5431709
2549,0.46682674
2550,1.3325006
2551,2.6025364
2552,7.790418
2553,10.743098
2554,3.907428
2555,1.0880265
2556,0.052478552
2557,6.7799835
2558,10.8790455
2559,20.819866
2560,8.374804
2561,7.0890536
2562,10.042019
2563,17.535345
2564,18.344965
2565,3.5879474
2566,-0.30686927
2567,0.9611071
2568,5.3651266
2569,0.45394424
2570,3.1862547
2571,5.0752096
2572,1.4432273
2573,0.50232166
2574,-0.19191699
2575,-0.19699223
2576,0.42640173
2577,0.29833138
2578,-0.27294084
2579,0.41550383
2580,4.1463366
2581,8.543496
2582,1.1342798
2583,10.710264
2584,9.93243
2585,21.599781
2586,3.116256
2587,9.222341
2588,10.121525
2589,6.8860164
2590,18.564772
2591,11.55813
2592,7.0058665
2593,9.243786
2594,17.372137
2595,7.831864
2596,9.362738
2597,5.712237
2598,7.233333
2599,17.982445
2600,17.888014
2601,6.9460325
2602,14.529002
2603,5.64819
2604,21.712742
2605,6.077123
2606,14.003737
2607,1.7391702
2608,2.5614178
2609,3.8695128
2610,8.244775
2611,19.404
2612,14.330418
2613,5.736026
2614,15.9711275
2615,17.944736
2616,3.218903
2617,7.557307
2618,6.024975
2619,13.978212
2620,2.085537
2621,3.096486
2622,14.436817
2623,20.311874
2624,12.007119
2625,0.12790795
2626,5.2646914
2627,6.4271145
2628,2.4764974
2629,6.024975
2630,3.096486
2631,4.9319243
2632,0.4907747
2633,3.201665
2634,19.17508
2635,7.1356874
2636,1.7391702
2637,1.844776
2638,2.1079016
2639,2.6298394
2640,1.972151
2641,8.886045
2642,58.522182
2643,15.294369
2644,12.920078
2645,15.977561
2646,0.623569
2647,2.9673765
2648,-0.46098444
2649,2.6025364
2650,1.0012422
2651,0.48484045
2652,0.2251515
2653,0.20572115
2654,1.432606
2655,44.72696
2656,29.409443
2657,6.109241
2658,7.323847
2659,12.43735
2660,11.868917
2661,6.4815645
2662,0.7809593
2663,6.024975
2664,5.8299484
2665,4.5855584
2666,0.20827343
2667,-0.50596935
2668,3.346659
2669,0.7486435
2670,0.50232166
2671,1.6400292
2672,4.8288827
2673,2.4976017
2674,5.6251593
2675,1.1334449
2676,3.5287762
2677,5.319968
2678,2.3629441
2679,7.991454
2680,7.6340127
2681,1.3325006
2682,4.6966133
2683,4.0255103
2684,4.1026983
2685,2.843583
2686,2.6810417
2687,2.9506116
2688,2.3371978
2689,1.7594656
2690,5.2939973
2691,3.8900955
2692,5.433446
2693,10.847376
2694,3.184385
2695,6.191317
2696,2.483841
2697,0.42332757
2698,2.3526814
2699,1.7342207
2700,6.9919786
2701,10.061172
2702,11.080896
2703,4.691163
2704,3.8695128
2705,1.4460897
2706,2.0297828
2707,-0.09676778
2708,7.1393933
2709,5.248677
2710,4.802892
2711,9.720158
2712,14.698742
2713,65.78744
2714,7.612924
2715,2.7969518
2716,12.243861
2717,3.3670266
2718,1.208164
2719,5.2393274
2720,14.800338
2721,4.8594313
2722,1.7391702
2723,9.272988
2724,5.4311366
2725,0.6760644
2726,1.3824445
2727,2.8231335
2728,5.3866844
2729,4.9895597
2730,4.5855584
2731,3.2158945
2732,5.327781
2733,3.8695128
2734,2.7969518
2735,5.42243
2736,7.469162
2737,6.024975
2738,6.780412
2739,2.7969518
2740,3.218903
2741,1.0880265
2742,-0.09139301
2743,0.39915973
2744,4.9116592
2745,5.620098
2746,2.6438773
2747,20.316761
2748,4.66826
2749,17.984308
2750,16.044367
2751,5.525156
2752,6.780412
2753,5.4884524
2754,0.4907747
2755,2.1438844
2756,1.704652
2757,2.7624338
2758,1.704652
2759,1.5997161
2760,1.1570014
2761,2.188736
2762,4.7796707
2763,5.1741166
2764,4.8385134
2765,5.3866844
2766,5.9271398
2767,6.320856
2768,1.4260585
2769,2.6572025
2770,6.6530485
2771,2.9859207
2772,0.17766431
2773,3.676283
2774,6.9043403
2775,7.7344074
2776,16.003963
2777,16.647696
2778,10.999171
2779,20.923023
2780,7.9082313
2781,3.9424803
2782,5.6022415
2783,7.9652395
2784,9.941399
2785,4.368726
2786,-0.31906116
2787,4.6654935
2788,1.5440849
2789,1.5363004
2790,-0.23339066
2791,2.9571805
2792,0.6844142
2793,2.1019986
2794,0.3900314
2795,0.39295164
2796,0.7274295
2797,1.4547276
2798,1.9416202
2799,1.3138947
2800,0.53143954
2801,0.15873738
2802,3.899507
2803,2.76511
2804,3.517883
2805,19.20102
2806,1.3396202
2807,2.5402956
2808,4.2182994
2809,5.658121
2810,7.1019382
2811,0.06506618
2812,0.7871053
2813,2.52205
2814,16.569057
2815,2.7969518
2816,4.4755144
2817,1.8211408
2818,2.1037445
2819,6.1763144
2820,7.2110376
2821,2.8496487
2822,2.191266
2823,3.9270647
2824,0.8461441
2825,9.508764
2826,4.2069626
2827,5.2492633
2828,2.4174619
2829,0.9344003
2830,6.9996896
2831,3.1433175
2832,8.789184
2833,5.42243
2834,1.6252011
2835,1.7415129
2836,3.8695128
2837,3.8695128
2838,0.5526382
2839,0.53376675
2840,2.471464
2841,2.0446715
2842,0.7749589
2843,-0.29323983
2844,1.6018863
2845,3.1036046
2846,1.9103552
2847,5.5793676
2848,0.67144924
2849,2.9636643
2850,4.6061788
2851,3.2489288
2852,4.0273905
2853,1.5309193
2854,1.8778396
2855,2.1754973
2856,8.186469
2857,5.5813847
2858,9.072973
2859,6.1763144
2860,12.208488
2861,11.424688
2862,7.043925
2863,2.8117342
2864,9.272988
2865,5.678609
2866,15.87052
2867,0.5178861
2868,-0.6858429
2869,-1.7832744
2870,2.726936
2871,3.1352382
2872,0.50232166
2873,0.6760194
2874,0.21079643
2875,0.20572115
2876,1.0676022
2877,1.2468816
2878,2.8562434
2879,9.623183
2880,3.5872881
2881,6.690749
2882,2.2508128
2883,0.4722947
2884,1.6364262
2885,1.2998861
2886,3.8695128
2887,5.658121
2888,2.9025567
2889,16.003963
2890,3.9626982
2891,5.525156
2892,5.696036
2893,0.20071097
2894,8.442475
2895,5.291625
2896,5.37324
2897,0.7088471
2898,9.272988
2899,3.2526948
2900,0.42816174
2901,0.9143692
2902,0.20963462
2903,-0.31261647
2904,0.35485867
2905,1.2499195
2906,0.84514636
2907,0.21079643
2908,1.2467159
2909,2.2911556
2910,0.14290842
2911,7.0280876
2912,1.1342798
2913,1.3585478
2914,2.9220457
2915,6.8838024
2916,3.061968
2917,4.273674
2918,3.8695128
2919,3.1433175
2920,3.8695128
2921,3.4428518
2922,6.024975
2923,5.295376
2924,1.2587422
2925,5.8476906
2926,10.538868
2927,15.128
2928,16.003963
2929,13.105581
2930,13.890597
2931,2.4675243
2932,4.5510416
2933,2.5899413
2934,15.17936
2935,7.831864
2936,18.957214
2937,2.7969518
2938,4.368726
2939,9.194472
2940,11.964045
2941,14.394148
2942,4.5855584
2943,9.272988
2944,13.204905
2945,3.202091
2946,5.8299484
2947,9.49618
2948,18.915203
2949,5.112486
2950,18.406406
2951,20.834112
2952,18.578648
2953,20.277353
2954,26.063011
2955,55.433964
2956,15.977561
2957,6.024975
2958,13.890597
2959,8.483136
2960,6.0775356
2961,10.121525
2962,41.07188
2963,45.348637
2964,21.134422
2965,8.80429
2966,88.71662
2967,12.635049
2968,11.339059
2969,14.688181
2970,7.1356874
2971,1.7391702
2972,1.6252011
2973,0.30979908
2974,3.9813793
2975,9.546998
2976,0.4500985
2977,2.4402268
2978,1.6166729
2979,1.1857682
2980,11.874819
2981,6.5963025
2982,2.3693857
2983,28.731737
2984,13.79571
2985,15.806262
2986,22.832834
2987,13.916962
2988,6.222352
2989,86.2317
2990,52.6834
2991,20.819866
2992,16.101357
2993,22.106932
2994,83.95719
2995,12.384861
2996,2.7969518
2997,5.251499
2998,21.81118
2999,21.81118
3000,10.431205
3001,8.627396
3002,11.964045
3003,2.3416762
3004,2.751557
3005,1.8808944
3006,1.1765997
3007,0.47146076
3008,4.6235366
3009,9.683065
3010,9.233792
3011,14.345751
3012,6.7794695
3013,7.754815
3014,18.075174
3015,13.158375
3016,10.794861
3017,23.966097
3018,8.531333
3019,31.212126
3020,6.066361
3021,19.315866
3022,10.42389
3023,0.96355045
3024,8.391328
3025,9.661499
3026,10.451737
3027,15.298768
3028,8.230286
3029,7.395089
3030,9.987339
3031,1.6166729
3032,4.169907
3033,3.4890072
3034,5.3630824
3035,1.4855042
3036,0.54527473
3037,4.225917
3038,3.4142795
3039,1.8778396
3040,4.46077
3041,3.3076327
3042,13.822913
3043,-0.30686927
3044,6.930154
3045,7.3617992
3046,21.811255
3047,29.99818
3048,13.938407
3049,6.1312866
3050,4.318002
3051,-0.009761738
3052,14.345751
3053,11.225547
3054,20.724504
3055,29.99818
3056,8.666837
3057,7.5933795
3058,1.4756029
3059,0.2599179
3060,-0.065681
3061,0.023688508
3062,-0.076194994
3063,1.9280701
3064,-0.06651095
3065,1.1623839
3066,0.1913955
3067,-0.24397604
3068,0.20066915
3069,0.37602624
3070,0.12546095
3071,-0.08698899
3072,-0.3108439
3073,11.018189
3074,6.6827545
3075,9.222009
3076,15.021313
3077,10.706486
3078,14.687627
3079,6.599939
3080,14.539395
3081,8.316479
3082,6.36943
3083,16.604258
3084,23.705488
3085,6.9050875
3086,24.621132
3087,23.960293
3088,7.6984386
3089,12.918981
3090,24.383894
3091,10.788996
3092,13.628917
3093,6.4888797
3094,20.04735
3095,28.443943
3096,4.4178367
3097,3.023777
3098,0.6760194
3099,0.87565136
3100,2.511356
3101,19.465126
3102,3.3076327
3103,6.127037
3104,7.3581467
3105,10.941859
3106,14.687627
3107,4.5964017
3108,12.329719
3109,3.3650036
3110,7.9597526
3111,9.508281
3112,23.705488
3113,2.8077939
3114,-0.2744227
3115,0.46301046
3116,10.600184
3117,19.315866
3118,6.3323503
3119,24.862951
3120,6.716126
3121,5.726489
3122,5.5491023
3123,7.1007714
3124,26.981989
3125,7.806091
3126,23.57019
3127,3.8305361
3128,5.826518
3129,6.71117
3130,7.490764
3131,24.533419
3132,24.79895
3133,23.910107
3134,5.367323
3135,6.5277452
3136,6.6449776
3137,7.732332
3138,4.035927
3139,2.2471228
3140,3.165626
3141,1.3071424
3142,1.024075
3143,0.9829353
3144,4.8334527
3145,21.868258
3146,27.080425
3147,23.392385
3148,12.803364
3149,21.876387
3150,7.406714
3151,6.0080004
3152,7.0814934
3153,27.859251
3154,1.4468188
3155,3.809116
3156,5.3439674
3157,3.002568
3158,1.8299358
3159,2.2675967
3160,3.8933055
3161,5.059864
3162,0.6760194
3163,1.6789403
3164,4.0957007
3165,3.4142795
3166,15.456414
3167,8.796575
3168,8.895112
3169,1.7000242
3170,2.4599726
3171,2.9933767
3172,4.822521
3173,2.3966537
3174,8.459778
3175,8.69761
3176,9.928162
3177,10.780702
3178,5.481497
3179,4.406902
3180,5.620743
3181,12.319765
3182,21.417189
3183,2.0297828
3184,3.8619976
3185,3.1525857
3186,6.7312045
3187,3.8305361
3188,6.9509854
3189,2.9258168
3190,0.50232166
3191,0.84514636
3192,4.1902156
3193,1.3180575
3194,12.213923
3195,9.042211
3196,10.48506
3197,25.372662
3198,18.075174
3199,17.946028
3200,10.042487
3201,15.947147
3202,4.877254
3203,5.4556756
3204,11.892329
3205,21.417189
3206,19.811213
3207,9.394697
3208,6.7108903
3209,6.073005
3210,1.5534245
3211,9.963746
3212,14.687627
3213,23.966097
3214,2.150742
3215,5.232756
3216,3.678435
3217,2.7083125
3218,1.7124884
3219,0.5815413
3220,1.6901281
3221,2.01451
3222,1.3548441
3223,-0.24397604
3224,1.8499105
3225,6.51401
3226,7.5343757
3227,6.367893
3228,7.4420056
3229,8.635017
3230,9.617796
3231,8.642865
3232,3.1421635
3233,8.078064
3234,8.840566
3235,13.28992
3236,7.1074896
3237,22.579844
3238,6.2226725
3239,7.8318357
3240,10.447165
3241,6.7627172
3242,7.157991
3243,7.345017
3244,15.947147
3245,23.575544
3246,7.4723334
3247,10.041455
3248,14.703943
3249,3.4584725
3250,1.9625263
3251,6.842698
3252,6.9679384
3253,3.7813096
3254,3.2239375
3255,7.4838867
3256,6.5963025
3257,22.73493
3258,13.170744
3259,5.583241
3260,11.94629
3261,8.666837
3262,10.104543
3263,7.363823
3264,6.429106
3265,2.4736466
3266,5.3651977
3267,5.776696
3268,2.1019986
3269,3.4378362
3270,14.067996
3271,11.324405
3272,2.8415515
3273,0.31018004
3274,12.579284
3275,5.253927
3276,3.528629
3277,6.1544423
3278,8.095375
3279,12.911128
3280,13.083494
3281,-0.09267263
3282,6.405958
3283,0.50232166
3284,0.2310464
3285,0.7093808
3286,3.4664166
3287,5.3655853
3288,7.754815
3289,7.755579
3290,6.7275195
3291,21.811255
3292,5.0966105
3293,6.2739697
3294,7.908063
3295,6.749364
3296,7.1790667
3297,7.4369364
3298,8.316479
3299,8.900655
3300,2.2659461
3301,7.406714
3302,8.61837
3303,5.7345805
3304,1.3175157
3305,11.225547
3306,13.170744
3307,19.80344
3308,16.145382
3309,1.2425561
3310,3.9837193
3311,7.349064
3312,8.013123
3313,3.2317698
3314,1.9808404
3315,0.027906908
3316,2.6307783
3317,0.3317311
3318,4.34743
3319,2.9621515
3320,4.053994
3321,0.7344448
3322,-0.065681
3323,0.023688508
3324,-0.076194994
3325,1.6751096
3326,8.287036
3327,5.119514
3328,6.042442
3329,2.0375826
3330,1.7318649
3331,0.7093808
3332,1.6723521
3333,2.7580943
3334,-0.24397604
3335,1.6651294
3336,8.662636
3337,7.569961
3338,14.471085
3339,8.962715
3340,15.336512
3341,2.3414633
3342,6.0523286
3343,3.4361334
3344,5.2739253
3345,10.170725
3346,12.918981
3347,8.167702
3348,4.4084096
3349,-0.8542843
3350,2.7606955
3351,0.09960822
3352,-0.009761738
3353,0.03326884
3354,0.85187256
3355,-0.0072174836
3356,-0.2028222
3357,-0.015001843
3358,7.3188424
3359,5.5437474
3360,8.105874
3361,7.0797615
3362,4.6379776
3363,2.2703972
3364,11.937541
3365,13.425426
3366,28.716722
3367,10.649436
3368,26.452686
3369,11.883771
3370,2.0297828
3371,25.675312
3372,15.1795025
3373,6.257106
3374,11.203961
3375,8.56859
3376,1.1691478
3377,6.1096168
3378,0.50232166
3379,0.39295164
3380,0.03326884
3381,0.5938943
3382,-0.076194994
3383,3.9039512
3384,20.76941
3385,5.9488173
3386,4.623888
3387,4.4347496
3388,2.4628687
3389,4.6138773
3390,0.9116899
3391,7.9122705
3392,9.054921
3393,16.493938
3394,4.4084096
3395,6.708398
3396,2.9673765
3397,1.5363004
3398,6.1970177
3399,7.634363
3400,-0.20949388
3401,20.819944
3402,13.360079
3403,17.41242
3404,13.700104
3405,24.172495
3406,13.425426
3407,6.1288805
3408,5.590267
3409,8.962715
3410,4.466069
3411,1.237845
3412,0.96004796
3413,3.3131564
3414,1.4661275
3415,9.365747
3416,30.239067
3417,5.484778
3418,0.16385375
3419,5.0056367
3420,1.4432273
3421,0.7561161
3422,8.6248865
3423,33.631477
3424,13.425426
3425,6.925248
3426,10.67534
3427,21.811255
3428,21.15049
3429,34.42471
3430,24.713928
3431,24.651552
3432,18.075174
3433,31.466808
3434,7.0838265
3435,3.761449
3436,10.162856
3437,9.183666
3438,17.098106
3439,23.392385
3440,22.910381
3441,31.667929
3442,17.41242
3443,14.577309
3444,3.675327
3445,5.164402
3446,1.3325006
3447,28.204964
3448,10.295823
3449,2.3752978
3450,3.0469217
3451,1.1309541
3452,4.9006367
3453,8.095431
3454,2.9006345
3455,1.4819645
3456,3.2788506
3457,6.821681
3458,14.962262
3459,2.504741
3460,7.360983
3461,9.123708
3462,17.029526
3463,9.62671
3464,13.346834
3465,6.1970177
3466,20.643744
3467,20.724504
3468,31.295649
3469,27.265312
3470,33.165195
3471,23.939276
3472,22.579844
3473,17.289492
3474,14.577309
3475,5.4015775
3476,21.811255
3477,18.441374
3478,15.947147
3479,15.804508
3480,18.443483
3481,24.643457
3482,23.521097
3483,32.212566
3484,27.19941
3485,21.346325
3486,18.206453
3487,25.747702
3488,19.236788
3489,31.59161
3490,14.174976
3491,11.10356
3492,15.334227
3493,30.684914
3494,27.352846
3495,12.085279
3496,27.44143
3497,8.747561
3498,14.166797
3499,33.829914
3500,29.353876
3501,37.065784
3502,27.439907
3503,16.9628
3504,21.585514
3505,20.195362
3506,21.64567
3507,13.698444
3508,30.833187
3509,36.19288
3510,38.286827
3511,29.194178
3512,15.268113
3513,30.29205
3514,18.437826
3515,45.33643
3516,35.010654
3517,18.616882
3518,24.69701
3519,27.921503
3520,36.895718
3521,57.405552
3522,15.494918
3523,37.656948
3524,26.046577
3525,19.930614
3526,10.801204
3527,21.365526
3528,30.811323
3529,28.808775
3530,29.822348
3531,18.45792
3532,49.299767
3533,18.06732
3534,24.827604
3535,18.341633
3536,19.921532
3537,16.422537
3538,20.913565
3539,21.605537
3540,22.026226
3541,26.297974
3542,30.467306
3543,21.370712
3544,26.887444
3545,32.33124
3546,17.24954
3547,23.943544
3548,20.325874
3549,32.121838
3550,33.8476
3551,14.528271
3552,21.03887
3553,29.840164
3554,16.801126
3555,21.033789
3556,24.565325
3557,16.17261
3558,18.42901
3559,19.390242
3560,49.4146
3561,19.744009
3562,17.992184
3563,38.39423
3564,20.556133
3565,12.822249
3566,27.286177
3567,22.889683
3568,25.794432
3569,23.55044
3570,22.275444
3571,19.84323
3572,23.404232
3573,38.562195
3574,19.669477
3575,14.463724
3576,6.783374
3577,14.341796
3578,35.852802
3579,27.882
3580,36.934254
3581,26.51981
3582,22.705894
3583,28.624786
3584,23.80978
3585,14.169554
3586,16.96327
3587,19.255838
3588,20.529709
3589,24.506075
3590,30.196491
3591,11.55829
3592,27.228033
3593,21.942139
3594,21.768637
3595,19.83085
3596,23.64606
3597,20.594448
3598,24.51992
3599,34.09902
3600,23.243166
3601,24.04309
3602,18.81908
3603,9.276555
3604,52.582203
3605,11.045875
3606,19.455221
3607,2.7338738
3608,23.205557
3609,11.121316
3610,1.4302164
3611,22.681719
3612,26.061905
3613,5.432881
3614,20.978952
3615,11.5726795
3616,9.781248
3617,35.31402
3618,10.650898
3619,7.008615
3620,5.200051
3621,8.742637
3622,9.349327
3623,17.861832
3624,16.17308
3625,16.175282
3626,25.733637
3627,28.621628
3628,17.251953
3629,18.673489
3630,14.747707
3631,9.046235
3632,2.134619
3633,9.438007
3634,15.891068
3635,9.583521
3636,18.054998
3637,33.22704
3638,18.917168
3639,12.100744
3640,10.645153
3641,25.170757
3642,27.582539
3643,19.656229
3644,10.084964
3645,10.606951
3646,22.542938
3647,20.348593
3648,13.485576
3649,22.897362
3650,8.334346
3651,22.716993
3652,22.300549
3653,19.376482
3654,14.876274
3655,6.8556013
3656,2.0520833
3657,4.9108653
3658,2.562945
3659,3.3363073
3660,29.783703
3661,7.9198804
3662,15.516225
3663,22.934172
3664,30.056818
3665,21.216187
3666,35.608128
3667,24.791235
3668,20.402922
3669,27.530659
3670,21.711746
3671,19.53574
3672,23.96167
3673,16.977844
3674,25.170864
3675,19.754725
3676,26.173466
3677,15.45034
3678,11.545946
3679,13.824549
3680,19.967745
3681,5.5323477
3682,0.82792944
3683,0.9686234
3684,2.3509958
3685,11.253318
3686,22.056625
3687,22.058151
3688,18.176964
3689,14.996087
3690,13.79561
3691,16.037985
3692,29.142614
3693,23.04731
3694,24.16649
3695,21.998384
3696,32.454575
3697,26.639479
3698,23.242674
3699,22.056625
3700,22.769445
3701,19.797117
3702,21.76813
3703,23.55065
3704,20.3736
3705,20.55605
3706,22.045382
3707,14.732529
3708,16.30307
3709,15.831312
3710,17.756466
3711,26.719244
3712,50.003906
3713,16.45248
3714,10.645153
3715,6.085805
3716,27.572977
3717,18.775682
3718,4.146624
3719,36.326157
3720,26.456444
3721,21.260637
3722,31.645042
3723,25.509657
3724,7.971447
3725,36.167103
3726,10.674776
3727,24.899284
3728,9.207505
3729,16.175282
3730,22.554808
3731,16.175282
3732,18.495539
3733,21.241102
3734,14.181062
3735,21.082197
3736,20.135218
3737,19.001432
3738,19.921532
3739,22.988857
3740,14.175446
3741,19.719215
3742,20.520458
3743,19.585249
3744,18.024364
3745,15.7893505
3746,22.363682
3747,18.627962
3748,35.08228
3749,12.744705
3750,11.763876
3751,13.057945
3752,28.90854
3753,36.9989
3754,31.794104
3755,21.22378
3756,21.418259
3757,20.120077
3758,5.142087
3759,31.301208
3760,35.76422
3761,12.315324
3762,15.35402
3763,16.07748
3764,9.902826
3765,10.549767
3766,20.426226
3767,22.934172
3768,14.298989
3769,17.28474
3770,19.061676
3771,16.662521
3772,26.48013
3773,22.40559
3774,28.373068
3775,9.219505
3776,12.624527
3777,22.300217
3778,19.921532
3779,23.943544
3780,28.860386
3781,19.744009
3782,19.084244
3783,14.174976
3784,11.591396
3785,21.625454
3786,12.176999
3787,19.719215
3788,23.408705
3789,27.416702
3790,16.337343
3791,15.464131
3792,30.570387
3793,30.441875
3794,9.318764
3795,18.307291
3796,19.255838
3797,22.836184
3798,23.402811
3799,6.307191
3800,24.340748
3801,22.889683
3802,19.001432
3803,32.756237
3804,22.308887
3805,13.510201
3806,28.721493
3807,25.695982
3808,29.731358
3809,10.830854
3810,20.777237
3811,23.265453
3812,19.956188
3813,22.197746
3814,31.649311
3815,16.315058
3816,19.13134
3817,31.46899
3818,35.216206
3819,31.376526
3820,29.958387
3821,60.21146
3822,19.361057
3823,14.938988
3824,46.296276
3825,56.85425
3826,6.163942
3827,28.1264
3828,27.953924
3829,25.301695
3830,26.516144
3831,16.17308
3832,20.862452
3833,11.735519
3834,26.781256
3835,31.931227
3836,27.622063
3837,28.322506
3838,13.446829
3839,38.508415
3840,32.852974
3841,19.921532
3842,32.278492
3843,19.006617
3844,23.980972
3845,19.542168
3846,19.542168
3847,30.776701
3848,42.147186
3849,12.043119
3850,62.852303
3851,22.126123
3852,20.060091
3853,22.800196
3854,19.44867
3855,19.921532
3856,10.625303
3857,32.345184
3858,21.316854
3859,32.213146
3860,19.744009
3861,16.340015
3862,19.13134
3863,19.218725
3864,22.191591
3865,19.149061
3866,24.775885
3867,6.272898
3868,15.498554
3869,34.345333
3870,26.00583
3871,15.862929
3872,11.86311
3873,21.746925
3874,26.424881
3875,13.547408
3876,23.005184
3877,27.953924
3878,14.418473
3879,43.76531
3880,29.419699
3881,20.216341
3882,18.531034
3883,18.751976
3884,19.149061
3885,21.586481
3886,21.83952
3887,21.346325
3888,26.527225
3889,30.749973
3890,28.605484
3891,21.253231
3892,29.548025
3893,17.404285
3894,20.953218
3895,23.579151
3896,19.057098
3897,33.35327
3898,29.843498
3899,19.007326
3900,22.201397
3901,10.945327
3902,7.885916
3903,11.806803
3904,16.40638
3905,20.385977
3906,20.514582
3907,20.060091
3908,23.137632
3909,19.379107
3910,23.63537
3911,15.706287
3912,23.096876
3913,19.99936
3914,32.104706
3915,16.103933
3916,18.627962
3917,12.291561
3918,9.548141
3919,16.594213
3920,10.232603
3921,23.366932
3922,22.480526
3923,5.7291965
3924,20.124664
3925,19.744009
3926,24.677465
3927,23.33925
3928,18.916645
3929,60.0484
3930,11.729358
3931,18.930714
3932,20.953218
3933,16.417349
3934,7.52718
3935,11.341827
3936,25.72151
3937,20.10166
3938,15.574726
3939,9.056105
3940,4.8324075
3941,11.565786
3942,36.55489
3943,20.123373
3944,16.913961
3945,15.680657
3946,19.208443
3947,31.029797
3948,25.943602
3949,21.09938
3950,21.422626
3951,18.156853
3952,19.908678
3953,17.645
3954,9.726483
3955,20.910334
3956,22.554808
3957,14.169085
3958,18.368252
3959,24.581717
3960,20.28216
3961,0.96569043
3962,2.2663517
3963,28.288645
3964,16.377506
3965,6.8899984
3966,5.30822
3967,0.8480655
3968,10.130632
3969,72.50253
3970,5.9927363
3971,2.3208134
3972,0.44915903
3973,-0.24397604
3974,1.3756235
3975,0.32897142
3976,0.5281745
3977,49.356117
3978,7.3429604
3979,2.8349385
3980,0.73213804
3981,-0.24397604
3982,5.021391
3983,1.0447626
3984,7.7487826
3985,7.257201
3986,1.6970024
3987,0.15873738
3988,0.74684405
3989,0.9790485
3990,0.47146076
3991,0.40478212
3992,0.086831845
3993,0.29490784
3994,1.4137475
3995,0.81146044
3996,0.5494413
3997,0.8325605
3998,0.5824228
3999,2.0970232
4000,2.3241673
4001,2.3241673
4002,3.7684748
4003,1.9981118
4004,1.3579355
4005,0.679641
4006,0.8325605
4007,0.42171127
4008,6.4586887
4009,8.278524
4010,1.1634444
4011,2.0986
4012,8.030862
4013,24.696898
4014,1.9218245
4015,-0.08192918
4016,-0.24397604
4017,0.20066915
4018,0.71999913
4019,2.453544
4020,44.350246
4021,14.79803
4022,3.4093869
4023,0.4881363
4024,1.0072706
4025,3.8650403
4026,-0.02023975
4027,0.30093306
4028,0.42609388
4029,-0.41909218
4030,1.1623839
4031,16.440046
4032,0.6824061
4033,-0.009761738
4034,1.464308
4035,0.44436413
4036,2.2912164
4037,2.5707834
4038,0.4881363
4039,5.059104
4040,18.151863
4041,11.975361
4042,0.72313565
4043,-0.4729091
4044,-0.8687004
4045,1.0811198
4046,6.4308805
4047,2.2238925
4048,3.9408157
4049,1.8296053
4050,0.50232166
4051,2.0313506
4052,0.86216956
4053,14.832406
4054,4.938752
4055,1.3175157
4056,1.0381138
4057,1.278732
4058,2.7535884
4059,1.1939176
4060,19.573906
4061,4.486306
4062,-0.90009815
4063,0.9064426
4064,0.05123073
4065,6.0508814
4066,4.069276
4067,-0.043268375
4068,-0.030434253
4069,0.56279445
4070,3.5993316
4071,4.202024
4072,1.5409377
4073,11.971326
4074,0.3866074
4075,-2.328551
4076,-0.25456992
4077,1.2958488
4078,2.9941568
4079,-0.15141691
4080,3.8285284
4081,0.15855631
4082,11.040634
4083,-0.6130881
4084,3.8183901
4085,-0.67557067
4086,-2.328551
4087,2.01448
4088,0.6430655
4089,0.28201008
4090,1.9475884
4091,6.3451476
4092,13.5668335
4093,6.356543
4094,4.4849777
4095,0.28201008
4096,4.510735
4097,0.28201008
4098,1.3551967
4099,0.16008097
4100,0.11782168
4101,2.1201012
4102,1.1169468
4103,0.048891112
4104,0.20787619
4105,-0.17756198
4106,-0.17756198
4107,-0.17756198
4108,-0.17756198
4109,-0.36234304
4110,2.3409297
4111,0.85622096
4112,-0.19699223
4113,-0.19699223
4114,0.8368443
4115,-0.38750753
4116,-0.25046203
4117,0.15300338
4118,2.130506
4119,4.478861
4120,1.315641
4121,0.9734832
4122,0.9935101
4123,2.842013
4124,3.1415472
4125,1.0992602
4126,1.5890399
4127,1.7792963
4128,4.8334527
4129,0.2185558
4130,0.2185558
4131,0.3265183
4132,-0.076194994
4133,-0.076194994
4134,2.9499755
4135,0.8743365
4136,1.6970024
4137,4.9414153
4138,4.4130473
4139,1.3548441
4140,0.3265183
4141,-0.076194994
4142,-0.26671025
4143,-0.26671025
4144,-0.076194994
4145,0.9581382
4146,-0.016378755
4147,-0.41909218
4148,-0.38174403
4149,0.020969419
4150,0.020969419
4151,-0.38174403
4152,-0.40993094
4153,0.5406008
4154,0.5406008
4155,-0.27216294
4156,0.13055061
4157,0.13055061
4158,-0.27216294
4159,0.6775036
4160,-0.27216294
4161,0.13055061
4162,-0.27216294
4163,0.13055061
4164,0.13055061
4165,-0.27216294
4166,-0.27216294
4167,-0.27216294
4168,1.1588764
4169,-0.082200795
4170,-0.48491436
4171,4.591457
4172,-0.48491436
4173,2.3651032
4174,-0.10168276
4175,4.397711
4176,0.30103058
4177,-0.2924228
4178,0.11029048
4179,-0.2924228
4180,0.11029048
4181,5.26969
4182,1.1438504
4183,1.5755287
4184,6.5911245
4185,9.617559
4186,9.923038
4187,4.6591406
4188,0.6786515
4189,0.5815413
4190,-0.012211205
4191,-0.25046203
4192,2.505303
4193,5.03805
4194,8.8906
4195,5.462126
4196,11.238321
4197,3.6506639
4198,4.486306
4199,4.486306
4200,4.0533776
4201,4.486306
4202,1.3779827
4203,2.8995383
4204,2.7308233
4205,4.564452
4206,4.88902
4207,0.49817467
4208,0.12990695
4209,0.10385959
4210,-0.5111028
4211,-0.12694149
4212,3.3092437
4213,1.8742497
4214,5.1237264
4215,0.16008097
4216,-0.17166708
4217,-0.36807725
4218,-0.19699223
4219,5.9469934
4220,1.4566883
4221,-0.15545261
4222,1.1158166
4223,0.03326884
4224,-0.1841575
4225,-0.26671025
4226,-0.5974414
4227,-0.6756544
4228,-0.5281006
4229,-0.41864437
4230,-0.56644255
4231,-0.37796685
4232,2.02954
4233,0.3640056
4234,-0.06315014
4235,3.1586144
4236,-0.24397604
4237,0.010153873
4238,-0.26388478
4239,0.5027083
4240,0.482426
4241,0.22989465
4242,-0.41226745
4243,-0.1266801
4244,11.6013975
4245,4.724683
4246,-0.4344914
4247,1.5885996
4248,-0.16113298
4249,-0.2775042
4250,0.47635907
4251,1.5323853
4252,0.5657104
4253,2.2541482
4254,6.673493
4255,2.5663853
4256,0.8748774
4257,0.5494413
4258,16.309368
4259,14.318324
4260,3.4299088
4261,0.65924865
4262,8.711154
4263,6.7951746
4264,2.9348094
4265,2.8781734
4266,0.6786515
4267,0.21804981
4268,0.24131297
4269,-0.27216294
4270,1.778336
4271,0.039843656
4272,-0.3108439
4273,1.472834
4274,0.29490784
4275,1.7166874
4276,0.81146044
4277,0.5494413
4278,22.341227
4279,16.776342
4280,4.380615
4281,7.831783
4282,5.5778227
4283,1.574151
4284,0.42521608
4285,10.885759
4286,45.763535
4287,7.50106
4288,4.625954
4289,1.8271121
4290,24.098675
4291,30.861715
4292,1.6152351
4293,6.1618276
4294,2.9878838
4295,5.054033
4296,11.985707
4297,6.4128447
4298,1.0851195
4299,2.4882731
4300,0.85187256
4301,4.9414153
4302,1.6970024
4303,6.0025077
4304,6.3550897
4305,0.15873738
4306,-0.2028222
4307,1.8195213
4308,43.74837
4309,6.9974666
4310,2.8546343
4311,9.863021
4312,6.3870573
4313,4.109592
4314,16.376152
4315,2.5264642
4316,3.7567463
4317,2.403675
4318,1.2017776
4319,2.5257108
4320,3.51099
4321,3.259944
4322,4.7002516
4323,45.284756
4324,5.752989
4325,5.4596376
4326,2.2805626
4327,-0.19191699
4328,0.03326884
4329,6.6754727
4330,29.130968
4331,13.526617
4332,7.3645744
4333,11.443349
4334,4.5964017
4335,-0.4760458
4336,5.6677103
4337,9.324556
4338,16.500309
4339,2.0377238
4340,5.1973166
4341,1.716244
4342,7.088237
4343,1.0813651
4344,0.03326884
4345,11.151855
4346,0.2036948
4347,1.1909792
4348,1.6688154
4349,5.761569
4350,0.8904714
4351,-0.38174403
4352,5.017176
4353,27.222008
4354,5.2412996
4355,0.5359749
4356,0.027906908
4357,0.8815462
4358,1.6834669
4359,1.0848045
4360,0.4914484
4361,0.24131297
4362,0.6783688
4363,-0.39333737
4364,0.30934748
4365,1.5279949
4366,1.3570791
4367,-0.5013592
4368,-0.52939373
4369,0.7391821
4370,2.135202
4371,13.2226
4372,29.992132
4373,5.557991
4374,-0.29546228
4375,0.09960822
4376,21.081823
4377,3.8183901
4378,4.654887
4379,1.0021794
4380,1.1169468
4381,0.87565136
4382,2.640464
4383,3.4087403
4384,1.4466217
4385,1.6970024
4386,1.5091548
4387,22.74997
4388,-1.0348614
4389,0.94078696
4390,0.091494806
4391,-0.030434253
4392,-0.3621825
4393,21.616999
4394,0.7118858
4395,-0.90009815
4396,-0.32312983
4397,0.50232166
4398,6.332472
4399,2.7303586
4400,1.5558959
4401,0.62579125
4402,-0.090907104
4403,-0.17166708
4404,-0.19191699
4405,-0.17756198
4406,1.7124884
4407,1.9882069
4408,-0.01268197
4409,0.2251515
4410,0.3317311
4411,4.4282155
4412,1.5951891
4413,0.39295164
4414,1.7184927
4415,2.3873394
4416,0.6760194
4417,0.16008097
4418,0.08279041
4419,-0.3621825
4420,-0.19191699
4421,0.2251515
4422,-0.012211205
4423,-0.38750753
4424,-0.4402253
4425,0.2185558
4426,16.684536
4427,2.935005
4428,3.6038632
4429,4.4569125
4430,1.606088
4431,3.8349504
4432,3.2523153
4433,1.2031646
4434,7.4249024
4435,0.10385959
4436,-1.059216
4437,0.027906908
4438,0.091494806
4439,2.0451102
4440,2.073699
4441,2.324222
4442,7.8699217
4443,-1.1751878
4444,-1.8904314
4445,-0.16260855
4446,2.3916757
4447,0.42657313
4448,-0.043268375
4449,0.28201008
4450,0.16008097
4451,0.56279445
4452,-0.1339141
4453,1.5268037
4454,-0.17166708
4455,1.6848344
4456,10.893197
4457,-0.67557067
4458,-1.7412517
4459,-0.49202496
4460,0.027906908
4461,0.28201008
4462,0.28201008
4463,0.45931458
4464,-0.2848919
4465,4.219158
4466,0.1860227
4467,1.5991704
4468,0.36529455
4469,0.17477933
4470,3.710035
4471,0.06034824
4472,0.07159161
4473,0.042008944
4474,0.06542766
4475,0.25086343
4476,0.06034824
4477,0.06542766
4478,0.4524732
4479,4.7668796
4480,6.815476
4481,8.73256
4482,6.487856
4483,2.3287463
4484,0.84237343
4485,10.428988
4486,2.33398
4487,0.65185815
4488,0.44050556
4489,0.44050556
4490,0.6310213
4491,3.0261123
4492,10.151198
4493,1.519628
4494,0.6310213
4495,0.2619579
4496,0.1860227
4497,0.1860227
4498,0.4524732
4499,0.36529455
4500,0.17477933
4501,0.1860227
4502,0.2619579
4503,0.1860227
4504,0.1860227
4505,0.2619579
4506,0.1860227
4507,0.1860227
4508,0.4524732
4509,2.8475645
4510,0.4524732
4511,0.4524732
4512,0.4524732
4513,0.4524732
4514,0.2619579
4515,0.4524732
4516,0.2619579
4517,0.2619579
4518,0.4524732
4519,0.2619579
4520,0.2619579
4521,0.2619579
4522,0.1860227
4523,0.4524732
4524,0.4524732
4525,0.2619579
4526,0.4524732
4527,0.2619579
4528,0.1860227
4529,0.1860227
4530,0.1860227
4531,0.1860227
4532,0.1860227
4533,0.1860227
4534,0.2619579
4535,0.4524732
4536,0.85518664
4537,0.4524732
4538,0.4524732
4539,0.4524732
4540,0.4524732
4541,0.4524732
4542,0.1860227
4543,0.1860227
4544,0.4524732
4545,0.4524732
4546,0.1860227
4547,0.1860227
4548,0.1860227
4549,0.1860227
4550,0.1860227
4551,0.2619579
4552,0.2619579
4553,0.1860227
4554,0.1860227
4555,0.1860227
4556,0.1860227
4557,0.1860227
4558,0.1860227
4559,0.1860227
4560,0.1860227
4561,0.1860227
4562,0.1860227
4563,0.1860227
4564,0.1860227
4565,0.1860227
4566,0.1860227
4567,0.1860227
4568,0.1860227
4569,0.1860227
4570,0.1860227
4571,0.1860227
4572,0.1860227
4573,0.1860227
4574,0.1860227
4575,0.1860227
4576,0.1860227
4577,0.1860227
4578,0.1860227
4579,0.1860227
4580,0.1860227
4581,0.1860227
4582,0.2619579
4583,0.4524732
4584,0.1860227
4585,0.1860227
4586,0.1860227
4587,0.1860227
4588,0.1860227
4589,0.1860227
4590,0.1860227
4591,0.1860227
4592,0.2619579
4593,0.1860227
4594,0.1860227
4595,0.1860227
4596,0.1860227
4597,0.1860227
4598,0.1860227
4599,0.1860227
4600,0.1860227
4601,0.1860227
4602,0.1860227
4603,0.1860227
4604,0.1860227
4605,0.1860227
4606,0.1860227
4607,0.1860227
4608,0.1860227
4609,0.4524732
4610,0.85518664
4611,0.4524732
4612,0.4524732
4613,0.1860227
4614,0.1860227
4615,0.1860227
4616,0.1860227
4617,0.1860227
4618,0.1860227
4619,0.1860227
4620,0.1860227
4621,0.1860227
4622,0.1860227
4623,0.1860227
4624,0.1860227
4625,0.1860227
4626,0.1860227
4627,0.1860227
4628,0.1860227
4629,0.1860227
4630,0.1860227
4631,0.1860227
4632,0.1860227
4633,0.1860227
4634,0.1860227
4635,0.1860227
4636,0.1860227
4637,0.1860227
4638,0.1860227
4639,0.1860227
4640,0.1860227
4641,0.1860227
4642,0.1860227
4643,0.1860227
4644,0.1860227
4645,0.1860227
4646,0.1860227
4647,0.1860227
4648,0.1860227
4649,0.1860227
4650,0.1860227
4651,0.1860227
4652,0.1860227
4653,0.1860227
4654,0.1860227
4655,0.1860227
4656,0.1860227
4657,0.1860227
4658,0.1860227
4659,0.1860227
4660,0.1860227
4661,0.1860227
4662,0.1860227
4663,0.1860227
4664,0.2619579
4665,0.1860227
4666,0.1860227
4667,0.1860227
4668,0.1860227
4669,0.1860227
4670,0.1860227
4671,0.1860227
4672,0.1860227
4673,0.1860227
4674,0.1860227
4675,0.1860227
4676,0.1860227
4677,0.1860227
4678,0.1860227
4679,0.1860227
4680,0.1860227
4681,0.1860227
4682,0.1860227
4683,0.1860227
4684,0.1860227
4685,0.1860227
4686,0.1860227
4687,0.1860227
4688,0.1860227
4689,0.2619579
4690,0.1860227
4691,0.1860227
4692,0.1860227
4693,0.1860227
4694,0.1860227
4695,0.1860227
4696,0.1860227
4697,0.1860227
4698,0.1860227
4699,0.1860227
4700,0.1860227
4701,0.1860227
4702,0.1860227
4703,0.2619579
4704,0.4524732
4705,0.4524732
4706,0.1860227
4707,0.2619579
4708,4.90003
4709,0.2619579
4710,0.1860227
4711,0.1860227
4712,0.4524732
4713,0.4524732
4714,0.2619579
4715,0.1860227
4716,0.1860227
4717,0.1860227
4718,0.1860227
4719,0.4524732
4720,0.2619579
4721,0.1860227
4722,0.1860227
4723,0.1860227
4724,0.1860227
4725,0.1860227
4726,0.1860227
4727,0.1860227
4728,0.1860227
4729,0.1860227
4730,0.1860227
4731,0.1860227
4732,0.1860227
4733,0.2619579
4734,0.2619579
4735,0.2619579
4736,0.1860227
4737,0.1860227
4738,0.1860227
4739,0.1860227
4740,0.1860227
4741,0.1860227
4742,0.2619579
4743,0.4524732
4744,0.1860227
4745,0.1860227
4746,0.1860227
4747,0.1860227
4748,0.1860227
4749,0.1860227
4750,0.1860227
4751,0.1860227
4752,0.1860227
4753,0.1860227
4754,0.2619579
4755,4.5397964
4756,0.85518664
4757,0.85518664
4758,0.4524732
4759,0.4524732
4760,0.4524732
4761,0.4524732
4762,0.2619579
4763,1.4574738
4764,0.1860227
4765,0.1860227
4766,0.1860227
4767,0.2619579
4768,0.1860227
4769,0.2619579
4770,0.1860227
4771,0.2619579
4772,0.2619579
4773,0.4524732
4774,2.3096335
4775,14.587133
4776,0.4524732
4777,0.2619579
4778,0.2619579
4779,1.3410807
4780,0.4524732
4781,0.2619579
4782,0.4524732
4783,0.2619579
4784,0.2619579
4785,0.2619579
4786,0.2619579
4787,1.4574738
4788,0.85518664
4789,0.2619579
4790,0.3645703
4791,0.57592285
4792,5.543953
4793,4.3330483
4794,4.1698236
4795,4.313316
4796,1.7522976
4797,0.42171127
4798,0.21035925
4799,0.21035925
4800,8.627005
4801,2.7558708
4802,0.2869481
4803,0.21035925
4804,0.031811494
4805,-0.05536715
4806,-0.05536715
4807,0.13695553
4808,-0.16979821
4809,-0.15855484
4810,0.13514812
4811,-0.05536715
4812,-0.05536715
4813,0.19352211
4814,0.077283666
4815,0.07111972
4816,0.06542766
4817,0.06542766
4818,0.06034824
4819,0.17477933
4820,2.3096335
4821,0.85518664
4822,0.17477933
4823,0.17477933
4824,0.17658669
4825,0.07159161
4826,0.07159161
4827,0.06542766
4828,0.06542766
4829,0.06542766
4830,0.06542766
4831,0.06542766
4832,0.06542766
4833,0.06542766
4834,0.06542766
4835,0.06542766
4836,0.0541843
4837,0.0541843
4838,0.0541843
4839,0.06542766
4840,0.06542766
4841,0.06542766
4842,0.06542766
4843,0.06542766
4844,0.06542766
4845,0.0541843
4846,0.24469948
4847,0.0541843
4848,0.06542766
4849,0.0541843
4850,0.06542766
4851,0.0541843
4852,0.06542766
4853,0.06542766
4854,0.0541843
4855,0.0541843
4856,0.0541843
4857,1.9206977
4858,1.9206977
4859,1.7301824
4860,0.07240996
4861,0.2870904
4862,0.28528303
4863,4.151808
4864,3.55858
4865,0.84237343
4866,3.8404648
4867,0.84237343
4868,0.44050556
4869,0.84237343
4870,5.734468
4871,5.734468
4872,18.277271
4873,5.1695933
4874,15.777222
4875,16.656878
4876,4.7668796
4877,4.5763645
4878,5.1695933
4879,4.7668796
4880,3.4493127
4881,3.4493127
4882,4.7668796
4883,3.4493127
4884,3.4493127
4885,4.7668796
4886,5.1695933
4887,5.1695933
4888,4.7668796
4889,4.7668796
4890,4.5763645
4891,4.5763645
4892,4.5763645
4893,4.5763645
4894,4.5763645
4895,3.4493127
4896,3.4493127
4897,4.5763645
4898,3.4493127
4899,3.4493127
4900,4.5763645
4901,3.4493127
4902,3.4493127
4903,4.7668796
4904,3.4493127
4905,4.7668796
4906,4.5763645
4907,3.4493127
4908,3.4493127
4909,3.4493127
4910,3.4493127
4911,4.5763645
4912,4.7668796
4913,3.4493127
4914,4.7668796
4915,3.4493127
4916,3.4493127
4917,3.4493127
4918,3.4493127
4919,3.4493127
4920,3.4493127
4921,4.5763645
4922,3.4493127
4923,3.4493127
4924,3.4493127
4925,3.4493127
4926,3.4493127
4927,3.4493127
4928,3.4493127
4929,3.4493127
4930,3.4493127
4931,3.4493127
4932,3.4493127
4933,6.258487
4934,4.7668796
4935,4.5763645
4936,4.7668796
4937,3.4493127
4938,3.4493127
4939,3.4493127
4940,4.7668796
4941,4.7668796
4942,3.4493127
4943,4.5763645
4944,4.5763645
4945,3.4493127
4946,4.5763645
4947,3.4493127
4948,4.5763645
4949,4.7668796
4950,4.7668796
4951,3.4493127
4952,3.4493127
4953,3.4493127
4954,3.4493127
4955,4.5763645
4956,3.4493127
4957,3.4493127
4958,3.4493127
4959,4.7668796
4960,4.5763645
4961,3.4493127
4962,3.4493127
4963,3.4493127
4964,3.4493127
4965,3.4493127
4966,3.4493127
4967,3.4493127
4968,3.4493127
4969,4.7668796
4970,4.7668796
4971,4.5763645
